{"40-2_localization-Find the gray thing.": ["remove all object that is not grey", "separate the grey object from all others", "look for the gray object in the picture"], "41-2_localization-Find the cyan thing.": ["take away every object that is not cyan color", "isolate the cyan object", "look for the cyan object in the picture"], "54-2_localization-Find the blue thing.": ["remove every object that is not blue from the image", "only select the blue object", "find the blue object in the picture"], "55-2_localization-Find the small cube.": ["remove all shape that is not small cube from the input", "isolate the smallest cube", "look for the small cube in each picture"], "56-2_localization-Find the rubber cube.": ["only the rubber cube should be in the output", "identify only the rubber cube", "find the cube that is made of rubber"], "57-2_localization-Find the green thing.": ["take only the green colored object from the input and put it in the output", "pick only the green object", "find the green object in the picture"], "45-2_localization-Find the large sphere.": ["replace the output with only the big sphere object", "choose the largest sphere", "find the biggest sphere in each picture"], "42-2_localization-Find the rubber sphere.": ["the output should only have the rubber object", "isolate the sphere that is made of rubber", "find the sphere that is made of rubber"], "51-2_localization-Find the rubber sphere.": ["remove all object except the rubber sphere", "identify the rubber sphere", "find the sphere that is made of rubber"], "50-2_localization-Find the metal cylinder.": ["only the metal cylinder should be in the output", "identify and choose the metal cylinder", "look for the cylinder made of metal"], "47-2_localization-Find the blue metal thing.": ["the only blue metal object should be in the output", "identify the object that is blue and is made of metal", "find the object that is blue and made of metal"], "48-2_localization-Find the large gray thing.": ["remove all object except for the large gray thing", "isolate the largest gray object", "find the biggest gray object"], "44-2_localization-Find the large metal thing.": ["remove all object except for the large metal thing", "find the largest object that is made of metal", "find the biggest metal object"], "49-2_localization-Find the gray rubber thing.": ["only the rubber gray object be in the output", "select the grey object made of rubber", "find the object that is gray and made of rubber"], "52-2_localization-Find the small metal thing.": ["all small metal object should be in the output", "find the smallest object that is made of metal", "find the smallest metal object"], "53-2_localization-Find the large green thing.": ["replace with the large green thing", "find the largest object that is green", "find the biggest green object"], "43-2_localization-Find the small rubber thing.": ["kindly replace all object with the small rubber thing", "find the smallest object that is made of rubber", "find the smallest thing made of rubber"], "46-2_localization-Find the large metal sphere.": ["only the large metal sphere should be in find", "find the largest metal sphere", "find the biggest sphere made of metal"], "39-2_localization-Find the red thing.": ["find the red shape", "find the red shape"], "25-2_localization-Find the gray thing.": ["find the grey shape", "find the gray shape"], "28-2_localization-Find the cyan thing.": ["find the cyan shape", "find the cyan shape"], "38-2_localization-Find the blue thing.": ["find the blue shape", "find the blue shape"], "22-2_localization-Find the gray sphere.": ["isolate the grey sphere", "find the gray sphere shape"], "23-2_localization-Find the green thing.": ["find the green shape", "find the green shape"], "24-2_localization-Find the small sphere.": ["isolate the small sphere", "find the small shape in any color"], "26-2_localization-Find the purple thing.": ["find the purple shape", "find the purple shape"], "37-2_localization-Find the metal sphere.": ["pick out the metal sphere", "find the metal sphere in any color"], "27-2_localization-Find the small cylinder.": ["pick out the small cylinger", "find the small cylinder shape"], "36-2_localization-Find the metal cylinder.": ["pick out the metal cylinder", "find the metal cylinder shape"], "20-2_localization-Find the brown metal thing.": ["pick out the brown metal shape", "find the brown metal shape"], "29-2_localization-Find the gray rubber thing.": ["pick out the grey rubber shape", "find the gray rubber shape"], "35-2_localization-Find the small brown thing.": ["pick out the small brown shape", "find the small brown shape"], "30-2_localization-Find the small purple thing.": ["pick out the small purple shape", "find the small purple shape"], "31-2_localization-Find the small metal sphere.": ["pick out the small metal sphere", "find the small metal sphere shape"], "21-2_localization-Find the yellow rubber thing.": ["pick out the yellow rubber shape", "find the yellow rubber shape"], "33-2_localization-Find the small metal cylinder.": ["pick out the small metallic cylinder", "find the small metal cylinder in any color"], "32-2_localization-Find the small rubber cylinder.": ["pick out the small rubber cylinder", "find the small rubber cylinder in any color"], "34-2_localization-Find the large blue metal thing.": ["pick out the large blue metallic shape", "find the large blue metal shape"], "14-2_localization-Find the cubes.": ["all images contains the only a cube"], "12-2_localization-Find the spheres.": ["this images contains about find spheres"], "13-2_localization-Find the cylinders.": ["this images contains about find cylinders"], "4-2_localization-Find the red things.": ["this images should be find out red things"], "6-2_localization-Find the gray things.": ["this images should be find out gray things"], "7-2_localization-Find the blue things.": ["this images should be find out blue things"], "9-2_localization-Find the cyan things.": ["this images should be find out cyan things"], "0-2_localization-Find the large things.": ["this images should be find out large things"], "1-2_localization-Find the small things.": ["this images should be find out small things"], "2-2_localization-Find the brown things.": ["this images should be find out brown things"], "5-2_localization-Find the green things.": ["this images should be find out green things"], "11-2_localization-Find the metal things.": ["this images should be find out metal things"], "3-2_localization-Find the purple things.": ["this images should be find out purple things"], "8-2_localization-Find the yellow things.": ["this images should be find out yellow things"], "10-2_localization-Find the rubber things.": ["this images should be find out rubber things"], "19-2_localization-Find the small red thing.": ["this images should be find out small red things"], "16-2_localization-Find the large green thing.": ["this images should be find out large green things"], "18-2_localization-Find the large metal thing.": ["this images should be find out large metal things"], "17-2_localization-Find the purple rubber thing.": ["this images should be find out purple rubber things"], "15-2_localization-Find the small yellow metal thing.": ["this images should be find out small yellow metal things"]}